{
    "type": "minecraft:crafting_shaped",
    "pattern": [
        "#E#",
        "AKA",
        "#G#"
    ],
    "key": {
        "#": {
            "item": "minecraft:phantom_membrane"
        },
        "E": {
            "item": "minecraft:emerald"
        },
        "A": {
            "item": "minecraft:amethyst_shard"
        },
        "K": {
            "item": "minecraft:egg"
        },
        "G": {
            "item": "minecraft:ghast_tear"
        }
    },
    "result": {
        "item": "minecraft:allay_spawn_egg",
        "count": 1
    }
}