{
    "type": "minecraft:crafting_shaped",
    "pattern": [
        "#GC",
        "IED",
        "SJT"
    ],
    "key": {
        "#": {
            "item": "minecraft:pufferfish"
        },
        "G": {
            "item": "minecraft:gold_block"
        },
        "C": {
            "item": "minecraft:cod"
        },
        "I": {
            "item": "minecraft:iron_block"
        },
        "E": {
            "item": "minecraft:egg"
        },
        "D": {
            "item": "minecraft:diamond_block"
        },
        "S": {
            "item": "minecraft:salmon"
        },
        "J": {
            "item": "minecraft:emerald_block"
        },
        "T": {
            "item": "minecraft:tropical_fish"
        }
    },
    "result": {
        "item": "minecraft:cat_spawn_egg",
        "count": 1
    }
}