{
    "type": "minecraft:crafting_shaped",
    "pattern": [
        "#T#",
        "EDE",
        "#B#"
    ],
    "key": {
        "#": {
            "item": "minecraft:chorus_flower"
        },
        "T": {
            "item": "minecraft:totem_of_undying"
        },
        "E": {
            "item": "minecraft:end_crystal"
        },
        "D": {
            "item": "minecraft:dragon_head"
        },
        "B": {
            "item": "minecraft:beacon"
        }
    },
    "result": {
        "item": "minecraft:dragon_egg",
        "count": 1
    }
}