{
    "type": "minecraft:crafting_shaped",
    "pattern": [
        "#V#",
        "CEC",
        "#I#"
    ],
    "key": {
        "#": {
            "item": "minecraft:slime_ball"
        },
        "V": {
            "item": "minecraft:vine"
        },
        "C": {
            "item": "minecraft:cocoa_beans"
        },
        "E": {
            "item": "minecraft:egg"
        },
        "I": {
            "item": "minecraft:iron_block"
        }
    },
    "result": {
        "item": "minecraft:frog_spawn_egg",
        "count": 1
    }
}