{
    "type": "minecraft:crafting_shaped",
    "pattern": [
        "#ST",
        "ZAW",
        "ICJ"
    ],
    "key": {
        "#": {
            "item": "minecraft:stone_sword"
        },
        "S": {
            "item": "minecraft:skeleton_skull"
        },
        "T": {
            "item": "minecraft:stone_axe"
        },
        "Z": {
            "item": "minecraft:zombie_head"
        },
        "A": {
            "item": "minecraft:armor_stand"
        },
        "W": {
            "item": "minecraft:wither_skeleton_skull"
        },
        "I": {
            "item": "minecraft:stone_pickaxe"
        },
        "C": {
            "item": "minecraft:creeper_head"
        },
        "J": {
            "item": "minecraft:stone_shovel"
        }
    },
    "result": {
        "item": "minecraft:player_head",
        "count": 1
    }
}