{
    "type": "minecraft:crafting_shaped",
    "pattern": [
        "#G#",
        "QED",
        "#V#"
    ],
    "key": {
        "#": {
            "item": "minecraft:slime_block"
        },
        "G": {
            "item": "minecraft:gold_block"
        },
        "Q": {
            "item": "minecraft:quartz_block"
        },
        "E": {
            "item": "minecraft:egg"
        },
        "D": {
            "item": "minecraft:diamond_block"
        },
        "V": {
            "item": "minecraft:emerald_block"
        }
    },
    "result": {
        "item": "minecraft:slime_spawn_egg",
        "count": 1
    }
}