{
    "type": "minecraft:crafting_shaped",
    "pattern": [
        " # ",
        "ENB",
        " G "
    ],
    "key": {
        "#": {
            "item": "minecraft:emerald_block"
        },
        "E": {
            "item": "minecraft:enchanted_golden_apple"
        },
        "N": {
            "item": "minecraft:nether_star"
        },
        "B": {
            "item": "minecraft:blaze_powder"
        },
        "G": {
            "item": "minecraft:gold_block"
        }
    },
    "result": {
        "item": "minecraft:totem_of_undying",
        "count": 1
    }
}