{
    "type": "minecraft:crafting_shaped",
    "pattern": [
        "#GS",
        "IED",
        "CZB"
    ],
    "key": {
        "#": {
            "item": "minecraft:lectern"
        },
        "G": {
            "item": "minecraft:gold_block"
        },
        "S": {
            "item": "minecraft:smithing_table"
        },
        "I": {
            "item": "minecraft:iron_block"
        },
        "E": {
            "item": "minecraft:egg"
        },
        "D": {
            "item": "minecraft:diamond_block"
        },
        "C": {
            "item": "minecraft:composter"
        },
        "Z": {
            "item": "minecraft:emerald_block"
        },
        "B": {
            "item": "minecraft:blast_furnace"
        }
    },
    "result": {
        "item": "minecraft:villager_spawn_egg",
        "count": 1
    }
}