{
    "pools": [
        {
            "rolls": 1,
            "entries": [
                {
                    "type": "item",
                    "name": "minecraft:enchanted_book",
                    "functions": [
                        {
                            "function": "set_damage",
                            "damage": 0
                        },
                        {
                            "function": "set_count",
                            "count": {
                                "min": 1,
                                "max": 666
                            }
                        }
                    ]
                }
            ]
        }
    ]
}